1,0,0,100,1.06,0.0025854,17,0,0,100,0,0.01014
1,0,1,100,1.1096,0.0018527,69,0,0,100,0,0.032368
1,0,2,100,1.1958,8.2167e-08,162,0,0,100,0,0.060873
1,0,3,100,1.0491,4.1083e-07,232,0,0,100,0,0.11858
1,0,4,100,1.1329,4.1083e-07,685,0,0,100,0,0.12772
1,0,5,100,1.1522,4.1083e-07,796,0,0,100,0,0.15776
1,0,6,100,1.3103,9.86e-07,1188,0,0,100,0,0.19174
1,0,7,100,1.2531,9.86e-07,855,0,0,100,0,0.23102
1,0,8,100,1.2458,9.86e-07,970,0,0,100,0,0.22346
1,0,9,100,1.1952,9.86e-07,538,0,0,100,0,0.25652
1,0,10,100,1.0172,4.1083e-07,168,0,0,100,0,0.21613
1,0,11,100,1.124,9.86e-07,530,0,0,100,0,0.26653
1,0,12,100,1.1283,9.86e-07,534,0,0,100,0,0.25917
1,0,13,100,1.2265,9.86e-07,389,0,0,100,0,0.25208
1,0,14,100,1.1908,9.86e-07,406,0,0,100,0,0.25259
1,0,15,100,1.1535,9.86e-07,445,0,0,100,0,0.25724
1,0,16,100,1.2671,9.86e-07,466,0,0,100,0,0.27104
1,0,17,100,1.1993,9.86e-07,385,0,0,100,0,0.26488
1,0,18,100,1.1763,9.86e-07,344,0,0,100,0,0.28308
1,0,19,100,1.0338,2.465e-06,253,0,0,100,0,0.27557
1,0,20,100,0.96056,5.649e-07,196,0,0,100,0,0.27986
1,0,21,100,0.87419,5.649e-07,63,0,0,100,0,0.29327
1,0,22,100,0.78198,2.465e-06,136,0,0,100,0,0.29491
1,0,23,100,0.64915,5.649e-07,36,0,0,100,0,0.29786
1,0,24,100,0.5454,5.649e-07,6,0,0,100,0,0.29643
1,0,25,100,0.55157,5.649e-07,6,0,0,100,0,0.31202
1,0,26,100,0.58123,5.649e-07,3,0,0,100,0,0.30822
1,0,27,100,0.55528,5.649e-07,3,0,0,100,0,0.30089
1,0,28,100,0.54047,5.649e-07,2,0,0,100,0,0.31303
1,0,29,100,0.50822,5.649e-07,6,0,0,100,0,0.31511
1,0,30,100,0.47357,5.649e-07,7,0,0,100,0,0.30895
1,0,31,100,0.5087,5.649e-07,31,0,0,100,0,0.31716
1,0,32,100,0.5163,5.649e-07,28,0,0,100,0,0.30552
1,0,33,100,0.48788,5.649e-07,31,0,0,100,0,0.31535
1,0,34,100,0.47107,5.649e-07,32,0,0,100,0,0.31979
1,0,35,100,0.49173,5.649e-07,27,0,0,100,0,0.3273
1,0,36,100,0.4745,5.649e-07,30,0,0,100,0,0.31643
1,0,37,100,0.47057,5.649e-07,25,0,0,100,0,0.31865
1,0,38,100,0.44585,5.649e-07,25,0,0,100,0,0.32609
1,0,39,99.975,0.34936,5.649e-07,5,0,0,100,0,0.32956
1,0,40,81.207,0.28316,5.649e-07,5,0,0,100,0,0.34168
1,0,41,81.207,0.27974,5.649e-07,5,0,0,100,0,0.34158
1,0,42,81.207,0.27861,5.649e-07,5,0,0,100,0,0.35124
1,0,43,81.211,0.26609,5.649e-07,5,0,0,100,0,0.34506
1,0,44,81.207,0.25602,5.649e-07,5,0,0,100,0,0.36852
1,0,45,81.207,0.25149,5.649e-07,5,0,0,100,0,0.35514
1,0,46,81.211,0.24237,5.649e-07,5,0,0,100,0,0.34926
1,0,47,81.215,0.24914,5.649e-07,5,0,0,100,0,0.34207
1,0,48,81.211,0.23943,5.649e-07,5,0,0,100,0,0.34277
1,0,49,81.215,0.22279,5.649e-07,5,0,0,100,0,0.34923
1,0,50,81.215,0.22222,5.649e-07,5,0,0,100,0,0.34444
1,1,0,100,1.06,0.0025854,17,0,0,100,0,0.008474
1,1,1,100,1.089,0.00012182,107,0,0,100,0,0.056008
1,1,2,100,1.1091,7.7031e-07,148,0,0,100,0,0.1037
1,1,3,100,1.0563,7.7031e-07,232,0,0,100,0,0.11983
1,1,4,100,0.98742,4.1083e-07,102,0,0,100,0,0.14855
1,1,5,100,0.98633,4.1083e-07,229,0,0,100,0,0.19083
1,1,6,100,0.99006,4.1083e-07,348,0,0,100,0,0.18611
1,1,7,100,0.94221,4.1083e-07,288,0,0,100,0,0.20313
1,1,8,100,0.89347,4.1083e-07,187,0,0,100,0,0.21771
1,1,9,100,0.88708,4.1083e-07,223,0,0,100,0,0.21355
1,1,10,100,0.92227,4.1083e-07,225,0,0,100,0,0.21288
1,1,11,100,0.91585,4.1083e-07,202,0,0,100,0,0.22788
1,1,12,100,0.89452,4.1083e-07,212,0,0,100,0,0.23177
1,1,13,100,0.83445,4.1083e-07,204,0,0,100,0,0.24733
1,1,14,100,0.80573,7.7031e-07,162,0,0,100,0,0.25263
1,1,15,100,0.75625,7.7031e-07,160,0,0,100,0,0.27244
1,1,16,100,0.72633,7.7031e-07,159,0,0,100,0,0.2665
1,1,17,100,0.70708,7.7031e-07,105,0,0,100,0,0.27205
1,1,18,100,0.7749,7.7031e-07,142,0,0,100,0,0.25582
1,1,19,100,0.67669,7.7031e-07,139,0,0,100,0,0.26842
1,1,20,100,0.68476,7.7031e-07,141,0,0,100,0,0.27657
1,1,21,100,0.66921,7.7031e-07,144,0,0,100,0,0.28372
1,1,22,100,0.66349,7.7031e-07,134,0,0,100,0,0.28572
1,1,23,100,0.61344,7.7031e-07,132,0,0,100,0,0.28478
1,1,24,100,0.66971,7.7031e-07,129,0,0,100,0,0.29949
1,1,25,100,0.64566,7.7031e-07,130,0,0,100,0,0.28952
1,1,26,100,0.61026,2.0542e-06,135,0,0,100,0,0.30588
1,1,27,100,0.63091,2.0542e-06,132,0,0,100,0,0.30163
1,1,28,100,0.6645,2.0542e-06,90,0,0,100,0,0.29334
1,1,29,100,0.59374,2.0542e-06,87,0,0,100,0,0.2943
1,1,30,100,0.56876,5.649e-07,91,0,0,100,0,0.30524
1,1,31,100,0.55622,5.649e-07,54,0,0,100,0,0.30864
1,1,32,100,0.55963,5.649e-07,82,0,0,100,0,0.29401
1,1,33,100,0.50003,5.649e-07,72,0,0,100,0,0.29874
1,1,34,100,0.47442,5.649e-07,65,0,0,100,0,0.29831
1,1,35,100,0.44642,5.649e-07,74,0,0,100,0,0.30838
1,1,36,100,0.43957,5.649e-07,73,0,0,100,0,0.29796
1,1,37,100,0.39722,5.649e-07,74,0,0,100,0,0.30833
1,1,38,100,0.38519,5.649e-07,73,0,0,100,0,0.30663
1,1,39,100,0.34369,5.649e-07,69,0,0,100,0,0.32275
1,1,40,100,0.33188,5.649e-07,75,0,0,100,0,0.31923
1,1,41,100,0.36856,5.649e-07,74,0,0,100,0,0.32973
1,1,42,100,0.34673,5.649e-07,77,0,0,100,0,0.31822
1,1,43,100,0.29271,5.649e-07,76,0,0,100,0,0.31447
1,1,44,100,0.27747,5.649e-07,76,0,0,100,0,0.3199
1,1,45,100,0.26778,5.649e-07,76,0,0,100,0,0.31989
1,1,46,100,0.26633,5.649e-07,76,0,0,100,0,0.32344
1,1,47,100,0.26066,5.649e-07,76,0,0,100,0,0.31784
1,1,48,100,0.25787,5.649e-07,76,0,0,100,0,0.31686
1,1,49,100,0.2554,5.649e-07,76,0,0,100,0,0.32958
1,1,50,100,0.25095,5.649e-07,76,0,0,100,0,0.32754
1,2,0,100,1.06,0.0025854,17,0,0,100,0,0.0083022
1,2,1,100,1.089,0.00012182,107,0,0,100,0,0.056076
1,2,2,100,1.0604,9.86e-07,223,0,0,100,0,0.11127
1,2,3,100,0.99777,4.1083e-07,193,0,0,100,0,0.12754
1,2,4,100,0.98586,4.1083e-07,165,0,0,100,0,0.15508
1,2,5,100,0.97285,4.1083e-07,135,0,0,100,0,0.163
1,2,6,100,1.1846,9.86e-07,1005,0,0,100,0,0.2292
1,2,7,100,1.1371,9.86e-07,1010,0,0,100,0,0.25711
1,2,8,100,1.0625,9.86e-07,413,0,0,100,0,0.24115
1,2,9,100,1.0183,9.86e-07,438,0,0,100,0,0.24698
1,2,10,100,0.86423,7.7031e-07,132,0,0,100,0,0.26047
1,2,11,100,0.86722,7.7031e-07,142,0,0,100,0,0.25377
1,2,12,100,0.87051,7.7031e-07,136,0,0,100,0,0.25702
1,2,13,100,0.84289,7.7031e-07,152,0,0,100,0,0.26133
1,2,14,100,0.82499,7.7031e-07,140,0,0,100,0,0.2913
1,2,15,100,0.80046,7.7031e-07,146,0,0,100,0,0.29078
1,2,16,100,0.78278,7.7031e-07,175,0,0,100,0,0.27908
1,2,17,100,0.74861,7.7031e-07,173,0,0,100,0,0.29368
1,2,18,100,0.72479,7.7031e-07,154,0,0,100,0,0.29905
1,2,19,100,0.72709,7.7031e-07,169,0,0,100,0,0.30823
1,2,20,100,0.73071,7.7031e-07,169,0,0,100,0,0.3162
1,2,21,100,0.70269,7.7031e-07,166,0,0,100,0,0.31984
1,2,22,100,0.68953,7.7031e-07,164,0,0,100,0,0.33446
1,2,23,100,0.67121,7.7031e-07,169,0,0,100,0,0.32232
1,2,24,100,0.70884,7.7031e-07,152,0,0,100,0,0.3145
1,2,25,100,0.70319,7.7031e-07,146,0,0,100,0,0.3254
1,2,26,100,0.70874,1.0271e-07,139,0,0,100,0,0.32118
1,2,27,100,0.70039,1.0271e-07,150,0,0,100,0,0.31654
1,2,28,100,0.6638,1.0271e-07,215,0,0,100,0,0.32143
1,2,29,100,0.60456,7.7031e-07,119,0,0,100,0,0.32646
1,2,30,100,0.61231,7.7031e-07,140,0,0,100,0,0.33433
1,2,31,100,0.54951,2.0542e-06,124,0,0,100,0,0.33962
1,2,32,100,0.54111,2.0542e-06,125,0,0,100,0,0.33496
1,2,33,100,0.51745,7.7031e-07,130,0,0,100,0,0.35236
1,2,34,100,0.51851,7.7031e-07,130,0,0,100,0,0.35324
1,2,35,100,0.52631,7.7031e-07,133,0,0,100,0,0.3429
1,2,36,100,0.52572,7.7031e-07,133,0,0,100,0,0.33663
1,2,37,100,0.48117,7.7031e-07,13,0,0,100,0,0.34515
1,2,38,100,0.47736,7.7031e-07,12,0,0,100,0,0.34853
1,2,39,100,0.46991,7.7031e-07,12,0,0,100,0,0.34603
1,2,40,100,0.45002,7.7031e-07,12,0,0,100,0,0.35692
1,2,41,100,0.43386,6.1625e-07,10,0,0,100,0,0.35442
1,2,42,100,0.43355,6.1625e-07,10,0,0,100,0,0.35121
1,2,43,100,0.42289,6.1625e-07,10,0,0,100,0,0.36395
1,2,44,83.21,0.4046,6.1625e-07,5,0,0,100,0,0.36418
1,2,45,83.21,0.37805,6.1625e-07,5,0,0,100,0,0.36601
1,2,46,83.21,0.37402,6.1625e-07,5,0,0,100,0,0.36498
1,2,47,82.464,0.36354,6.1625e-07,5,0,0,100,0,0.35453
1,2,48,83.21,0.34805,6.1625e-07,5,0,0,100,0,0.36905
1,2,49,82.464,0.29776,6.1625e-07,5,0,0,100,0,0.35912
1,2,50,82.464,0.29332,6.1625e-07,5,0,0,100,0,0.37137
2,0,0,94.554,1.2857,0.0032317,4,0,0,100,0,0.0082979
2,0,1,100,1.2226,5.1354e-07,323,0,0,100,0,0.051036
2,0,2,100,1.2924,5.1354e-07,374,0,0,100,0,0.073242
2,0,3,100,1.4252,1.0271e-07,284,0,0,100,0,0.091932
2,0,4,100,1.3236,5.1354e-07,607,0,0,100,0,0.11847
2,0,5,100,1.28,5.1354e-07,958,0,0,100,0,0.17662
2,0,6,100,1.3511,5.1354e-07,536,0,0,100,0,0.17572
2,0,7,100,1.4304,1.2325e-06,1258,0,0,100,0,0.20496
2,0,8,100,1.3672,1.2325e-06,1235,0,0,100,0,0.21677
2,0,9,100,1.3801,1.2325e-06,1133,0,0,100,0,0.22827
2,0,10,100,1.2912,1.2325e-06,707,0,0,100,0,0.2689
2,0,11,100,1.2595,1.2325e-06,692,0,0,100,0,0.27167
2,0,12,100,1.2652,1.2325e-06,681,0,0,100,0,0.27158
2,0,13,100,1.2638,1.2325e-06,368,0,0,100,0,0.29995
2,0,14,100,1.2806,1.2325e-06,191,0,0,100,0,0.29042
2,0,15,100,1.2993,1.2325e-06,459,0,0,100,0,0.24992
2,0,16,100,1.4392,1.2325e-06,421,0,0,100,0,0.28589
2,0,17,100,1.3348,1.2325e-06,429,0,0,100,0,0.28077
2,0,18,100,1.1644,9.6289e-07,72,0,0,100,0,0.28802
2,0,19,100,1.1556,3.0813e-06,176,0,0,100,0,0.27746
2,0,20,100,1.1071,7.0612e-07,177,0,0,100,0,0.28907
2,0,21,100,0.90976,7.0612e-07,134,0,0,100,0,0.27557
2,0,22,100,0.8855,7.0612e-07,96,0,0,100,0,0.28916
2,0,23,100,0.74298,7.0612e-07,35,0,0,100,0,0.28865
2,0,24,100,0.70416,9.6289e-07,12,0,0,100,0,0.31096
2,0,25,100,0.64337,7.0612e-07,12,0,0,100,0,0.31197
2,0,26,100,0.68675,7.0612e-07,10,0,0,100,0,0.30488
2,0,27,100,0.65432,7.0612e-07,10,0,0,100,0,0.3052
2,0,28,100,0.60046,7.0612e-07,14,0,0,100,0,0.30429
2,0,29,100,0.56803,7.0612e-07,14,0,0,100,0,0.3075
2,0,30,100,0.55197,7.0612e-07,14,0,0,100,0,0.31
2,0,31,100,0.56998,7.0612e-07,14,0,0,100,0,0.3028
2,0,32,100,0.55971,7.0612e-07,14,0,0,100,0,0.30703
2,0,33,100,0.55545,7.0612e-07,8,0,0,100,0,0.32875
2,0,34,100,0.54517,7.0612e-07,8,0,0,100,0,0.32525
2,0,35,100,0.56073,7.0612e-07,6,0,0,100,0,0.31904
2,0,36,100,0.55305,7.0612e-07,10,0,0,100,0,0.31955
2,0,37,100,0.43082,7.0612e-07,9,0,0,100,0,0.32987
2,0,38,99.931,0.47726,7.0612e-07,6,0,0,100,0,0.34014
2,0,39,85.987,0.35958,7.0612e-07,7,0,0,100,0,0.34278
2,0,40,86.167,0.32856,7.0612e-07,7,0,0,100,0,0.33609
2,0,41,86.168,0.32429,7.0612e-07,7,0,0,100,0,0.34405
2,0,42,86.168,0.31873,7.0612e-07,7,0,0,100,0,0.35234
2,0,43,87.336,0.2993,7.0612e-07,7,0,0,100,0,0.34283
2,0,44,87.336,0.29374,7.0612e-07,7,0,0,100,0,0.33634
2,0,45,87.336,0.28224,7.0612e-07,7,0,0,100,0,0.34696
2,0,46,87.336,0.27758,7.0612e-07,7,0,0,100,0,0.34211
2,0,47,87.346,0.27856,7.0612e-07,7,0,0,100,0,0.34309
2,0,48,87.346,0.25786,7.0612e-07,7,0,0,100,0,0.34564
2,0,49,87.346,0.25779,7.0612e-07,7,0,0,100,0,0.34674
2,0,50,87.346,0.25239,7.0612e-07,7,0,0,100,0,0.3537
2,1,0,94.554,1.2857,0.0032317,4,0,0,100,0,0.008925
2,1,1,100,1.2419,0.00015228,210,0,0,100,0,0.059201
2,1,2,100,1.2756,9.6289e-07,188,0,0,100,0,0.098404
2,1,3,100,1.1895,9.6289e-07,328,0,0,100,0,0.12253
2,1,4,100,1.147,5.1354e-07,148,0,0,100,0,0.1547
2,1,5,100,1.1422,5.1354e-07,213,0,0,100,0,0.18534
2,1,6,100,1.0935,5.1354e-07,278,0,0,100,0,0.19257
2,1,7,100,1.0776,5.1354e-07,208,0,0,100,0,0.19579
2,1,8,100,1.0347,5.1354e-07,158,0,0,100,0,0.20726
2,1,9,100,1.0069,5.1354e-07,280,0,0,100,0,0.20885
2,1,10,100,0.99569,5.1354e-07,218,0,0,100,0,0.23399
2,1,11,100,1.0243,5.1354e-07,373,0,0,100,0,0.23646
2,1,12,100,0.99725,5.1354e-07,297,0,0,100,0,0.23462
2,1,13,100,0.94585,5.1354e-07,244,0,0,100,0,0.24524
2,1,14,100,0.89569,5.1354e-07,234,0,0,100,0,0.26027
2,1,15,100,0.86791,9.6289e-07,177,0,0,100,0,0.26942
2,1,16,100,0.82712,9.6289e-07,178,0,0,100,0,0.27163
2,1,17,100,0.8291,9.6289e-07,140,0,0,100,0,0.26902
2,1,18,100,0.85292,9.6289e-07,192,0,0,100,0,0.27024
2,1,19,100,0.84965,9.6289e-07,184,0,0,100,0,0.26885
2,1,20,100,0.81006,9.6289e-07,175,0,0,100,0,0.2779
2,1,21,100,0.7906,9.6289e-07,179,0,0,100,0,0.2773
2,1,22,100,0.78502,9.6289e-07,176,0,0,100,0,0.28688
2,1,23,100,0.83332,9.6289e-07,182,0,0,100,0,0.28435
2,1,24,100,0.78077,9.6289e-07,164,0,0,100,0,0.29484
2,1,25,100,0.75071,9.6289e-07,160,0,0,100,0,0.2965
2,1,26,100,0.71839,2.5677e-06,157,0,0,100,0,0.30537
2,1,27,100,0.74421,2.5677e-06,154,0,0,100,0,0.31338
2,1,28,100,0.78543,2.5677e-06,107,0,0,100,0,0.2945
2,1,29,100,0.71128,2.5677e-06,110,0,0,100,0,0.3006
2,1,30,100,0.68006,7.0612e-07,112,0,0,100,0,0.30359
2,1,31,100,0.66456,7.0612e-07,114,0,0,100,0,0.30321
2,1,32,100,0.63965,7.0612e-07,94,0,0,100,0,0.298
2,1,33,100,0.57547,7.0612e-07,92,0,0,100,0,0.29264
2,1,34,100,0.57302,7.0612e-07,80,0,0,100,0,0.30174
2,1,35,100,0.53802,7.0612e-07,96,0,0,100,0,0.2952
2,1,36,100,0.52947,7.0612e-07,97,0,0,100,0,0.30342
2,1,37,100,0.47652,7.0612e-07,97,0,0,100,0,0.30803
2,1,38,100,0.42464,7.0612e-07,97,0,0,100,0,0.30822
2,1,39,100,0.40961,7.0612e-07,97,0,0,100,0,0.30861
2,1,40,100,0.39485,7.0612e-07,101,0,0,100,0,0.31659
2,1,41,100,0.4407,7.0612e-07,102,0,0,100,0,0.32017
2,1,42,100,0.41341,7.0612e-07,102,0,0,100,0,0.3211
2,1,43,100,0.3779,7.0612e-07,102,0,0,100,0,0.32334
2,1,44,100,0.32683,7.0612e-07,105,0,0,100,0,0.31177
2,1,45,100,0.31472,7.0612e-07,105,0,0,100,0,0.31442
2,1,46,100,0.31291,7.0612e-07,105,0,0,100,0,0.31646
2,1,47,100,0.30583,7.0612e-07,105,0,0,100,0,0.32638
2,1,48,100,0.30233,7.0612e-07,92,0,0,100,0,0.31276
2,1,49,100,0.29925,7.0612e-07,96,0,0,100,0,0.3143
2,1,50,100,0.29368,7.0612e-07,96,0,0,100,0,0.31571
2,2,0,94.554,1.2857,0.0032317,4,0,0,100,0,0.0083729
2,2,1,100,1.2419,0.00015228,210,0,0,100,0,0.056064
2,2,2,100,1.1788,1.2325e-06,337,0,0,100,0,0.10447
2,2,3,100,1.1251,5.1354e-07,222,0,0,100,0,0.12441
2,2,4,100,1.115,5.1354e-07,258,0,0,100,0,0.1537
2,2,5,100,1.0941,5.1354e-07,215,0,0,100,0,0.16447
2,2,6,100,1.271,1.2325e-06,1220,0,0,100,0,0.22392
2,2,7,100,1.2215,1.2325e-06,1139,0,0,100,0,0.24736
2,2,8,100,1.1604,1.2325e-06,384,0,0,100,0,0.23101
2,2,9,100,1.1084,1.2325e-06,492,0,0,100,0,0.24948
2,2,10,100,0.97351,9.6289e-07,84,0,0,100,0,0.25685
2,2,11,100,0.98081,9.6289e-07,89,0,0,100,0,0.24642
2,2,12,100,0.9512,9.6289e-07,64,0,0,100,0,0.25319
2,2,13,100,0.96464,9.6289e-07,163,0,0,100,0,0.26325
2,2,14,100,0.94231,9.6289e-07,167,0,0,100,0,0.27185
2,2,15,100,0.90489,9.6289e-07,169,0,0,100,0,0.27666
2,2,16,100,0.88624,9.6289e-07,227,0,0,100,0,0.27908
2,2,17,100,0.85108,9.6289e-07,211,0,0,100,0,0.28322
2,2,18,100,0.83688,9.6289e-07,137,0,0,100,0,0.29061
2,2,19,100,0.82906,9.6289e-07,191,0,0,100,0,0.30226
2,2,20,100,0.84908,9.6289e-07,191,0,0,100,0,0.31386
2,2,21,100,0.81437,9.6289e-07,139,0,0,100,0,0.31125
2,2,22,100,0.78999,9.6289e-07,143,0,0,100,0,0.31805
2,2,23,100,0.77836,9.6289e-07,139,0,0,100,0,0.31028
2,2,24,100,0.8197,9.6289e-07,134,0,0,100,0,0.31436
2,2,25,100,0.80437,9.6289e-07,147,0,0,100,0,0.30672
2,2,26,100,0.81127,1.2839e-07,154,0,0,100,0,0.30703
2,2,27,100,0.80111,1.2839e-07,155,0,0,100,0,0.31413
2,2,28,100,0.76628,1.2839e-07,232,0,0,100,0,0.31735
2,2,29,100,0.69733,9.6289e-07,134,0,0,100,0,0.32357
2,2,30,100,0.69155,9.6289e-07,156,0,0,100,0,0.32313
2,2,31,100,0.63136,2.5677e-06,142,0,0,100,0,0.32405
2,2,32,100,0.62086,2.5677e-06,143,0,0,100,0,0.32767
2,2,33,100,0.59241,9.6289e-07,147,0,0,100,0,0.32697
2,2,34,100,0.59374,9.6289e-07,147,0,0,100,0,0.33597
2,2,35,100,0.6134,9.6289e-07,143,0,0,100,0,0.33256
2,2,36,100,0.61266,9.6289e-07,143,0,0,100,0,0.33275
2,2,37,100,0.57157,9.6289e-07,14,0,0,100,0,0.34101
2,2,38,100,0.5668,9.6289e-07,14,0,0,100,0,0.35875
2,2,39,100,0.55749,9.6289e-07,14,0,0,100,0,0.34365
2,2,40,100,0.53262,9.6289e-07,14,0,0,100,0,0.34519
2,2,41,100,0.52082,7.7031e-07,9,0,0,100,0,0.34915
2,2,42,100,0.52043,7.7031e-07,9,0,0,100,0,0.34653
2,2,43,100,0.50637,7.7031e-07,9,0,0,100,0,0.34399
2,2,44,100,0.49305,7.7031e-07,9,0,0,100,0,0.34532
2,2,45,100,0.45977,7.7031e-07,9,0,0,100,0,0.35467
2,2,46,100,0.45473,7.7031e-07,9,0,0,100,0,0.37348
2,2,47,99.995,0.44201,7.7031e-07,9,0,0,100,0,0.44367
2,2,48,99.995,0.4415,7.7031e-07,9,0,0,100,0,0.3539
2,2,49,99.995,0.40998,7.7031e-07,9,0,0,100,0,0.35774
2,2,50,99.995,0.35466,7.7031e-07,9,0,0,100,0,0.35523
3,0,0,100,1.7296,0.0045244,33,0,0,100,0,0.0084606
3,0,1,100,1.8076,0.0032423,143,0,0,100,0,0.032819
3,0,2,100,1.6284,7.1896e-07,597,0,0,100,0,0.073454
3,0,3,100,1.675,7.1896e-07,609,0,0,100,0,0.085573
3,0,4,100,1.5345,7.1896e-07,973,0,0,100,0,0.12784
3,0,5,100,1.5889,1.7255e-06,1114,0,0,100,0,0.1615
3,0,6,100,1.6254,7.1896e-07,864,0,0,100,0,0.16644
3,0,7,100,1.6052,7.1896e-07,816,0,0,100,0,0.18118
3,0,8,100,1.6163,1.7255e-06,1310,0,0,100,0,0.21742
3,0,9,100,1.5167,1.7255e-06,1013,0,0,100,0,0.24513
3,0,10,100,1.4428,1.7255e-06,989,0,0,100,0,0.25904
3,0,11,100,1.453,1.7255e-06,891,0,0,100,0,0.26573
3,0,12,100,1.4749,1.7255e-06,904,0,0,100,0,0.26279
3,0,13,100,1.492,1.7255e-06,541,0,0,100,0,0.29466
3,0,14,100,1.6719,1.7255e-06,651,0,0,100,0,0.25114
3,0,15,100,1.6443,1.7255e-06,682,0,0,100,0,0.26409
3,0,16,100,1.581,1.7255e-06,679,0,0,100,0,0.26526
3,0,17,100,1.5148,1.7255e-06,538,0,0,100,0,0.27151
3,0,18,100,1.438,9.8857e-07,517,0,0,100,0,0.2684
3,0,19,100,1.1367,9.8857e-07,164,0,0,100,0,0.29787
3,0,20,100,1.2625,9.8857e-07,197,0,0,100,0,0.28109
3,0,21,100,1.1881,9.8857e-07,196,0,0,100,0,0.2755
3,0,22,100,1.0336,1.348e-06,87,0,0,100,0,0.29109
3,0,23,100,0.94245,9.8857e-07,61,0,0,100,0,0.29027
3,0,24,100,0.92938,1.348e-06,56,0,0,100,0,0.29508
3,0,25,100,0.84332,9.8857e-07,55,0,0,100,0,0.30129
3,0,26,100,0.82454,9.8857e-07,58,0,0,100,0,0.30067
3,0,27,100,0.87316,9.8857e-07,31,0,0,100,0,0.29444
3,0,28,100,0.7299,9.8857e-07,17,0,0,100,0,0.29992
3,0,29,100,0.74455,9.8857e-07,16,0,0,100,0,0.30388
3,0,30,100,0.77992,9.8857e-07,28,0,0,100,0,0.30613
3,0,31,100,0.76075,9.8857e-07,16,0,0,100,0,0.30615
3,0,32,100,0.73836,9.8857e-07,16,0,0,100,0,0.30688
3,0,33,100,0.7172,9.8857e-07,28,0,0,100,0,0.30389
3,0,34,100,0.72375,9.8857e-07,8,0,0,100,0,0.30483
3,0,35,100,0.70474,9.8857e-07,21,0,0,100,0,0.31477
3,0,36,100,0.68479,9.8857e-07,8,0,0,100,0,0.31307
3,0,37,100,0.5809,9.8857e-07,32,0,0,100,0,0.32042
3,0,38,100,0.64964,9.8857e-07,22,0,0,100,0,0.32442
3,0,39,99.999,0.57931,9.8857e-07,14,0,0,100,0,0.32472
3,0,40,95.931,0.43575,9.8857e-07,7,0,0,100,0,0.33195
3,0,41,97.567,0.40275,9.8857e-07,7,0,0,100,0,0.335
3,0,42,95.932,0.42198,9.8857e-07,7,0,0,100,0,0.3341
3,0,43,95.932,0.40524,9.8857e-07,7,0,0,100,0,0.33471
3,0,44,95.932,0.4039,9.8857e-07,7,0,0,100,0,0.3364
3,0,45,97.566,0.37803,9.8857e-07,7,0,0,100,0,0.33432
3,0,46,97.567,0.36437,9.8857e-07,7,0,0,100,0,0.33526
3,0,47,97.582,0.35932,9.8857e-07,7,0,0,100,0,0.34046
3,0,48,97.582,0.33677,9.8857e-07,7,0,0,100,0,0.3366
3,0,49,97.582,0.35165,9.8857e-07,7,0,0,100,0,0.34228
3,0,50,97.582,0.3291,9.8857e-07,7,0,0,100,0,0.33865
3,1,0,100,1.7296,0.0045244,33,0,0,100,0,0.008355
3,1,1,100,1.6288,0.00021319,252,0,0,100,0,0.055284
3,1,2,100,1.6135,1.348e-06,386,0,0,100,0,0.09683
3,1,3,100,1.4805,1.348e-06,495,0,0,100,0,0.1151
3,1,4,100,1.3378,7.1896e-07,270,0,0,100,0,0.14703
3,1,5,100,1.3377,7.1896e-07,303,0,0,100,0,0.1825
3,1,6,100,1.3415,7.1896e-07,421,0,0,100,0,0.19294
3,1,7,100,1.3045,7.1896e-07,278,0,0,100,0,0.19351
3,1,8,100,1.281,7.1896e-07,158,0,0,100,0,0.20661
3,1,9,100,1.2491,7.1896e-07,372,0,0,100,0,0.20635
3,1,10,100,1.1781,7.1896e-07,406,0,0,100,0,0.22103
3,1,11,100,1.1583,7.1896e-07,340,0,0,100,0,0.23941
3,1,12,100,1.191,7.1896e-07,439,0,0,100,0,0.23219
3,1,13,100,1.1411,7.1896e-07,358,0,0,100,0,0.23634
3,1,14,100,1.0882,7.1896e-07,305,0,0,100,0,0.25409
3,1,15,100,1.0571,1.348e-06,248,0,0,100,0,0.2664
3,1,16,100,1.0155,1.348e-06,251,0,0,100,0,0.26763
3,1,17,100,1.0029,1.348e-06,255,0,0,100,0,0.26216
3,1,18,100,0.93531,1.348e-06,270,0,0,100,0,0.26105
3,1,19,100,0.96785,1.348e-06,313,0,0,100,0,0.26845
3,1,20,100,0.98289,1.348e-06,310,0,0,100,0,0.26063
3,1,21,100,0.95451,1.348e-06,312,0,0,100,0,0.26883
3,1,22,100,0.94763,1.348e-06,311,0,0,100,0,0.27276
3,1,23,100,0.98911,1.348e-06,304,0,0,100,0,0.27585
3,1,24,100,0.93153,1.348e-06,274,0,0,100,0,0.29238
3,1,25,100,0.88946,1.348e-06,279,0,0,100,0,0.28273
3,1,26,100,0.88365,3.5948e-06,279,0,0,100,0,0.29098
3,1,27,100,0.91242,3.5948e-06,230,0,0,100,0,0.28456
3,1,28,100,0.98541,3.5948e-06,196,0,0,100,0,0.28255
3,1,29,100,0.9126,3.5948e-06,148,0,0,100,0,0.29014
3,1,30,100,0.89962,3.5948e-06,126,0,0,100,0,0.29167
3,1,31,100,0.85675,9.8857e-07,130,0,0,100,0,0.30111
3,1,32,100,0.82646,9.8857e-07,108,0,0,100,0,0.29045
3,1,33,100,0.79993,9.8857e-07,110,0,0,100,0,0.2926
3,1,34,100,0.75896,9.8857e-07,99,0,0,100,0,0.28962
3,1,35,100,0.70891,9.8857e-07,98,0,0,100,0,0.29995
3,1,36,100,0.69693,9.8857e-07,100,0,0,100,0,0.29456
3,1,37,100,0.63179,9.8857e-07,99,0,0,100,0,0.29297
3,1,38,100,0.61075,9.8857e-07,98,0,0,100,0,0.30423
3,1,39,100,0.51651,9.8857e-07,94,0,0,100,0,0.31064
3,1,40,100,0.49584,9.8857e-07,98,0,0,100,0,0.30421
3,1,41,100,0.55496,9.8857e-07,105,0,0,100,0,0.31108
3,1,42,100,0.53973,9.8857e-07,105,0,0,100,0,0.31417
3,1,43,100,0.45013,9.8857e-07,102,0,0,100,0,0.31152
3,1,44,100,0.42346,9.8857e-07,102,0,0,100,0,0.31305
3,1,45,100,0.4065,9.8857e-07,102,0,0,100,0,0.31875
3,1,46,100,0.40397,9.8857e-07,102,0,0,100,0,0.31266
3,1,47,100,0.39405,9.8857e-07,102,0,0,100,0,0.31375
3,1,48,100,0.38916,9.8857e-07,90,0,0,100,0,0.32456
3,1,49,100,0.38484,9.8857e-07,90,0,0,100,0,0.31277
3,1,50,100,0.37705,9.8857e-07,90,0,0,100,0,0.3158
3,2,0,100,1.7296,0.0045244,33,0,0,100,0,0.0083891
3,2,1,100,1.6288,0.00021319,252,0,0,100,0,0.055798
3,2,2,100,1.5071,1.7255e-06,514,0,0,100,0,0.10505
3,2,3,100,1.4161,7.1896e-07,457,0,0,100,0,0.12176
3,2,4,100,1.3853,7.1896e-07,393,0,0,100,0,0.15475
3,2,5,100,1.3355,7.1896e-07,423,0,0,100,0,0.16286
3,2,6,100,1.4509,1.7255e-06,1509,0,0,100,0,0.22744
3,2,7,100,1.4085,1.7255e-06,1347,0,0,100,0,0.24924
3,2,8,100,1.3534,1.7255e-06,686,0,0,100,0,0.23306
3,2,9,100,1.2708,1.7255e-06,709,0,0,100,0,0.24852
3,2,10,100,1.1898,1.348e-06,287,0,0,100,0,0.26017
3,2,11,100,1.2013,1.348e-06,232,0,0,100,0,0.24847
3,2,12,100,1.1579,1.348e-06,190,0,0,100,0,0.25831
3,2,13,100,1.1382,1.348e-06,227,0,0,100,0,0.26335
3,2,14,100,1.1069,1.348e-06,231,0,0,100,0,0.2739
3,2,15,100,1.0596,1.348e-06,250,0,0,100,0,0.27857
3,2,16,100,1.0685,1.348e-06,281,0,0,100,0,0.27536
3,2,17,100,1.0352,1.348e-06,260,0,0,100,0,0.29019
3,2,18,100,0.99894,1.348e-06,202,0,0,100,0,0.29315
3,2,19,100,0.97128,1.348e-06,305,0,0,100,0,0.30535
3,2,20,100,0.99482,1.348e-06,317,0,0,100,0,0.31487
3,2,21,100,0.95153,1.348e-06,301,0,0,100,0,0.31035
3,2,22,100,0.92563,1.348e-06,301,0,0,100,0,0.3141
3,2,23,100,0.92521,1.348e-06,236,0,0,100,0,0.31811
3,2,24,100,0.96073,1.348e-06,222,0,0,100,0,0.30591
3,2,25,100,0.94232,1.348e-06,218,0,0,100,0,0.31322
3,2,26,100,0.95196,1.7974e-07,229,0,0,100,0,0.31135
3,2,27,100,0.93888,1.7974e-07,223,0,0,100,0,0.31244
3,2,28,100,0.89509,1.7974e-07,269,0,0,100,0,0.31648
3,2,29,100,0.81909,1.348e-06,145,0,0,100,0,0.32824
3,2,30,100,0.795,1.348e-06,150,0,0,100,0,0.32569
3,2,31,100,0.78542,3.5948e-06,156,0,0,100,0,0.32917
3,2,32,100,0.74855,1.348e-06,152,0,0,100,0,0.32936
3,2,33,100,0.73386,1.348e-06,153,0,0,100,0,0.33012
3,2,34,100,0.73572,1.348e-06,153,0,0,100,0,0.3321
3,2,35,100,0.76934,1.348e-06,149,0,0,100,0,0.33091
3,2,36,100,0.76829,1.348e-06,149,0,0,100,0,0.33127
3,2,37,100,0.73533,1.348e-06,41,0,0,100,0,0.34038
3,2,38,100,0.72866,1.348e-06,41,0,0,100,0,0.34344
3,2,39,100,0.71562,1.348e-06,41,0,0,100,0,0.34118
3,2,40,100,0.6808,1.348e-06,41,0,0,100,0,0.34616
3,2,41,100,0.65706,1.0784e-06,39,0,0,100,0,0.3456
3,2,42,100,0.65652,1.0784e-06,38,0,0,100,0,0.35933
3,2,43,100,0.63785,1.0784e-06,38,0,0,100,0,0.34438
3,2,44,100,0.61905,1.0784e-06,38,0,0,100,0,0.34565
3,2,45,100,0.57258,1.0784e-06,38,0,0,100,0,0.35062
3,2,46,100,0.56544,1.0784e-06,38,0,0,100,0,0.35239
3,2,47,100,0.45623,1.0784e-06,36,0,0,100,0,0.34989
3,2,48,100,0.52406,1.0784e-06,36,0,0,100,0,0.35498
3,2,49,100,0.44713,1.0784e-06,36,0,0,100,0,0.35324
3,2,50,100,0.42879,1.0784e-06,36,0,0,100,0,0.35637
4,0,0,100,2.0566,0.0058171,109,0,0,100,0,0.0083526
4,0,1,100,2.2049,1.8488e-07,119,0,0,100,0,0.023625
4,0,2,100,1.875,9.2438e-07,603,0,0,100,0,0.073299
4,0,3,100,2.2044,1.8488e-07,593,0,0,100,0,0.090063
4,0,4,100,1.7468,9.2438e-07,1225,0,0,100,0,0.13726
4,0,5,100,1.7311,9.2438e-07,1277,0,0,100,0,0.15717
4,0,6,100,1.8767,3.2353e-06,1150,0,0,100,0,0.18759
4,0,7,100,1.8163,2.2185e-06,1534,0,0,100,0,0.20018
4,0,8,100,1.779,2.2185e-06,1490,0,0,100,0,0.22081
4,0,9,100,1.6981,2.2185e-06,1439,0,0,100,0,0.21946
4,0,10,100,1.6602,2.2185e-06,997,0,0,100,0,0.26587
4,0,11,100,1.6202,2.2185e-06,1086,0,0,100,0,0.26676
4,0,12,100,1.61,2.2185e-06,936,0,0,100,0,0.26488
4,0,13,100,1.7203,2.2185e-06,836,0,0,100,0,0.2461
4,0,14,100,1.426,5.5463e-06,561,0,0,100,0,0.27598
4,0,15,100,1.7786,2.2185e-06,813,0,0,100,0,0.2644
4,0,16,100,1.6649,2.2185e-06,764,0,0,100,0,0.27065
4,0,17,100,1.7323,2.2185e-06,656,0,0,100,0,0.26492
4,0,18,100,1.5745,1.7332e-06,394,0,0,100,0,0.26428
4,0,19,100,1.5265,5.5463e-06,469,0,0,100,0,0.26852
4,0,20,100,1.448,1.271e-06,443,0,0,100,0,0.27434
4,0,21,100,1.2239,1.271e-06,248,0,0,100,0,0.28001
4,0,22,100,1.1113,1.7332e-06,175,0,0,100,0,0.2883
4,0,23,100,1.1424,1.7332e-06,269,0,0,100,0,0.29491
4,0,24,100,1.0375,1.271e-06,184,0,0,100,0,0.29061
4,0,25,100,0.94776,1.271e-06,141,0,0,100,0,0.29893
4,0,26,100,0.94346,1.271e-06,138,0,0,100,0,0.29479
4,0,27,100,0.87148,1.271e-06,119,0,0,100,0,0.29616
4,0,28,100,0.87981,1.271e-06,140,0,0,100,0,0.29352
4,0,29,100,0.84352,1.271e-06,118,0,0,100,0,0.29837
4,0,30,100,0.89494,1.271e-06,142,0,0,100,0,0.31144
4,0,31,100,0.86213,1.271e-06,116,0,0,100,0,0.30005
4,0,32,100,0.82616,1.271e-06,150,0,0,100,0,0.30367
4,0,33,100,0.83839,1.271e-06,77,0,0,100,0,0.31001
4,0,34,100,0.87893,1.271e-06,106,0,0,100,0,0.31144
4,0,35,100,0.80332,1.271e-06,105,0,0,100,0,0.31281
4,0,36,100,0.79727,1.271e-06,92,0,0,100,0,0.31191
4,0,37,100,0.83223,1.271e-06,98,0,0,100,0,0.31501
4,0,38,100,0.78194,1.271e-06,101,0,0,100,0,0.32132
4,0,39,99.999,0.58728,1.271e-06,17,0,0,100,0,0.33529
4,0,40,100,0.53731,1.271e-06,19,0,0,100,0,0.32993
4,0,41,100,0.52962,1.271e-06,19,0,0,100,0,0.33225
4,0,42,100,0.52707,1.271e-06,19,0,0,100,0,0.33709
4,0,43,100,0.48117,1.271e-06,19,0,0,100,0,0.33618
4,0,44,100,0.47706,1.271e-06,19,0,0,100,0,0.33554
4,0,45,100,0.46509,1.271e-06,19,0,0,100,0,0.33459
4,0,46,100,0.45265,1.271e-06,19,0,0,100,0,0.33732
4,0,47,100,0.45001,1.271e-06,18,0,0,100,0,0.33396
4,0,48,100,0.44607,1.271e-06,19,0,0,100,0,0.33441
4,0,49,100,0.40858,1.271e-06,18,0,0,100,0,0.33695
4,0,50,100,0.4073,1.271e-06,18,0,0,100,0,0.33705
4,1,0,100,2.0566,0.0058171,109,0,0,100,0,0.0082866
4,1,1,100,1.9416,0.0002741,414,0,0,100,0,0.055974
4,1,2,100,1.7561,1.7332e-06,655,0,0,100,0,0.096541
4,1,3,100,1.6415,1.7332e-06,722,0,0,100,0,0.11472
4,1,4,100,1.4939,9.2438e-07,517,0,0,100,0,0.14998
4,1,5,100,1.4279,9.2438e-07,557,0,0,100,0,0.19351
4,1,6,100,1.469,9.2438e-07,669,0,0,100,0,0.18329
4,1,7,100,1.4422,9.2438e-07,482,0,0,100,0,0.19418
4,1,8,100,1.3821,9.2438e-07,341,0,0,100,0,0.20711
4,1,9,100,1.3718,9.2438e-07,433,0,0,100,0,0.21481
4,1,10,100,1.3338,9.2438e-07,385,0,0,100,0,0.2191
4,1,11,100,1.2979,9.2438e-07,365,0,0,100,0,0.23445
4,1,12,100,1.3238,9.2438e-07,486,0,0,100,0,0.23441
4,1,13,100,1.2598,9.2438e-07,462,0,0,100,0,0.23421
4,1,14,100,1.2262,1.7332e-06,372,0,0,100,0,0.24816
4,1,15,100,1.1707,1.7332e-06,302,0,0,100,0,0.26337
4,1,16,100,1.1408,1.7332e-06,305,0,0,100,0,0.262
4,1,17,100,1.1373,1.7332e-06,299,0,0,100,0,0.26002
4,1,18,100,1.1761,1.7332e-06,371,0,0,100,0,0.26878
4,1,19,100,1.1731,1.7332e-06,354,0,0,100,0,0.25263
4,1,20,100,1.1316,1.7332e-06,349,0,0,100,0,0.26436
4,1,21,100,1.0882,1.7332e-06,373,0,0,100,0,0.27274
4,1,22,100,1.0855,1.7332e-06,334,0,0,100,0,0.27059
4,1,23,100,1.0229,1.7332e-06,289,0,0,100,0,0.27584
4,1,24,100,1.0739,1.7332e-06,270,0,0,100,0,0.2851
4,1,25,100,1.0214,1.7332e-06,272,0,0,100,0,0.28586
4,1,26,100,0.93748,4.6219e-06,297,0,0,100,0,0.28542
4,1,27,100,0.9701,4.6219e-06,291,0,0,100,0,0.28611
4,1,28,100,0.90428,4.6219e-06,256,0,0,100,0,0.2881
4,1,29,100,1.0075,4.6219e-06,212,0,0,100,0,0.28261
4,1,30,100,1.0057,4.6219e-06,157,0,0,100,0,0.29183
4,1,31,100,0.94952,1.271e-06,161,0,0,100,0,0.29415
4,1,32,100,0.92819,1.271e-06,146,0,0,100,0,0.28647
4,1,33,100,0.91457,1.271e-06,135,0,0,100,0,0.29002
4,1,34,100,0.84994,1.271e-06,128,0,0,100,0,0.28665
4,1,35,100,0.79009,1.271e-06,133,0,0,100,0,0.29206
4,1,36,100,0.77468,1.271e-06,132,0,0,100,0,0.29181
4,1,37,100,0.70197,1.271e-06,125,0,0,100,0,0.29367
4,1,38,100,0.67393,1.271e-06,125,0,0,100,0,0.29855
4,1,39,100,0.62278,1.271e-06,125,0,0,100,0,0.2997
4,1,40,100,0.59618,1.271e-06,125,0,0,100,0,0.305
4,1,41,100,0.66389,1.271e-06,164,0,0,100,0,0.31239
4,1,42,100,0.63645,1.271e-06,164,0,0,100,0,0.31113
4,1,43,100,0.53267,1.271e-06,125,0,0,100,0,0.31115
4,1,44,100,0.49838,1.271e-06,125,0,0,100,0,0.31105
4,1,45,100,0.47658,1.271e-06,125,0,0,100,0,0.31728
4,1,46,100,0.47333,1.271e-06,125,0,0,100,0,0.31102
4,1,47,100,0.46057,1.271e-06,125,0,0,100,0,0.31433
4,1,48,100,0.45405,1.271e-06,119,0,0,100,0,0.31181
4,1,49,100,0.44842,1.271e-06,120,0,0,100,0,0.31322
4,1,50,100,0.43841,1.271e-06,120,0,0,100,0,0.31819
4,2,0,100,2.0566,0.0058171,109,0,0,100,0,0.008297
4,2,1,100,1.9416,0.0002741,414,0,0,100,0,0.055413
4,2,2,100,1.805,2.2185e-06,704,0,0,100,0,0.10856
4,2,3,100,1.6616,9.2438e-07,737,0,0,100,0,0.12032
4,2,4,100,1.617,9.2438e-07,693,0,0,100,0,0.15227
4,2,5,100,1.5209,9.2438e-07,694,0,0,100,0,0.16431
4,2,6,100,1.5904,2.2185e-06,1565,0,0,100,0,0.22824
4,2,7,100,1.558,2.2185e-06,1431,0,0,100,0,0.24447
4,2,8,100,1.5074,2.2185e-06,788,0,0,100,0,0.24081
4,2,9,100,1.4167,2.2185e-06,917,0,0,100,0,0.24685
4,2,10,100,1.3588,1.7332e-06,364,0,0,100,0,0.26223
4,2,11,100,1.3741,1.7332e-06,295,0,0,100,0,0.24675
4,2,12,100,1.3367,1.7332e-06,273,0,0,100,0,0.25167
4,2,13,100,1.3161,1.7332e-06,374,0,0,100,0,0.25753
4,2,14,100,1.2796,1.7332e-06,377,0,0,100,0,0.26862
4,2,15,100,1.2334,1.7332e-06,325,0,0,100,0,0.27451
4,2,16,100,1.2002,1.7332e-06,327,0,0,100,0,0.27199
4,2,17,100,1.1687,1.7332e-06,310,0,0,100,0,0.2844
4,2,18,100,1.1412,1.7332e-06,266,0,0,100,0,0.29022
4,2,19,100,1.1067,1.7332e-06,321,0,0,100,0,0.30035
4,2,20,100,1.1256,1.7332e-06,356,0,0,100,0,0.3125
4,2,21,100,1.07,1.7332e-06,330,0,0,100,0,0.32307
4,2,22,100,1.0383,1.7332e-06,342,0,0,100,0,0.31554
4,2,23,100,1.0494,1.7332e-06,284,0,0,100,0,0.31382
4,2,24,100,1.071,1.7332e-06,266,0,0,100,0,0.30662
4,2,25,100,1.0474,1.7332e-06,277,0,0,100,0,0.30803
4,2,26,100,1.0598,2.3109e-07,278,0,0,100,0,0.30754
4,2,27,100,1.0779,2.3109e-07,278,0,0,100,0,0.30778
4,2,28,100,1.0238,2.3109e-07,324,0,0,100,0,0.31687
4,2,29,100,0.90651,1.7332e-06,170,0,0,100,0,0.3241
4,2,30,100,0.87113,1.7332e-06,192,0,0,100,0,0.33515
4,2,31,100,0.88586,4.6219e-06,188,0,0,100,0,0.32378
4,2,32,100,0.86697,4.6219e-06,189,0,0,100,0,0.32928
4,2,33,100,0.82357,1.7332e-06,172,0,0,100,0,0.32995
4,2,34,100,0.82596,1.7332e-06,171,0,0,100,0,0.33347
4,2,35,100,0.87679,1.7332e-06,175,0,0,100,0,0.33184
4,2,36,100,0.87545,1.7332e-06,178,0,0,100,0,0.32973
4,2,37,100,0.84602,1.7332e-06,60,0,0,100,0,0.33814
4,2,38,100,0.83743,1.7332e-06,59,0,0,100,0,0.33973
4,2,39,100,0.8207,1.7332e-06,58,0,0,100,0,0.35117
4,2,40,100,0.77668,1.7332e-06,58,0,0,100,0,0.34212
4,2,41,100,0.75352,1.3866e-06,84,0,0,100,0,0.3463
4,2,42,100,0.75282,1.3866e-06,83,0,0,100,0,0.34669
4,2,43,100,0.72864,1.3866e-06,81,0,0,100,0,0.34782
4,2,44,100,0.69967,1.3866e-06,123,0,0,100,0,0.34514
4,2,45,100,0.64928,1.3866e-06,80,0,0,100,0,0.35304
4,2,46,100,0.6474,1.3866e-06,79,0,0,100,0,0.35029
4,2,47,100,0.63805,1.3866e-06,81,0,0,100,0,0.35022
4,2,48,100,0.63571,1.3866e-06,79,0,0,100,0,0.35991
4,2,49,100,0.54464,1.3866e-06,87,0,0,100,0,0.3534
4,2,50,100,0.53,1.3866e-06,87,0,0,100,0,0.35339
5,0,0,100,2.2213,0.0064634,130,0,0,100,0,0.0089317
5,0,1,100,2.3301,0.0046318,111,0,0,100,0,0.032378
5,0,2,100,1.9436,1.0271e-06,528,0,0,100,0,0.062939
5,0,3,100,1.9271,1.0271e-06,620,0,0,100,0,0.10238
5,0,4,100,1.8328,1.0271e-06,994,0,0,100,0,0.12153
5,0,5,100,1.7656,1.0271e-06,959,0,0,100,0,0.16675
5,0,6,100,1.877,1.0271e-06,1178,0,0,100,0,0.16507
5,0,7,100,1.8381,1.0271e-06,1130,0,0,100,0,0.17711
5,0,8,100,1.8751,2.465e-06,1436,0,0,100,0,0.21321
5,0,9,100,1.7217,2.465e-06,1127,0,0,100,0,0.25441
5,0,10,100,1.7249,2.465e-06,1185,0,0,100,0,0.25563
5,0,11,100,1.6909,2.465e-06,1093,0,0,100,0,0.27358
5,0,12,100,1.6984,2.465e-06,1086,0,0,100,0,0.27017
5,0,13,100,1.6594,2.465e-06,1038,0,0,100,0,0.25974
5,0,14,100,1.8547,2.465e-06,838,0,0,100,0,0.25205
5,0,15,100,1.7332,2.465e-06,682,0,0,100,0,0.24888
5,0,16,100,1.7898,2.465e-06,708,0,0,100,0,0.2544
5,0,17,100,1.6676,2.465e-06,697,0,0,100,0,0.27585
5,0,18,100,1.5889,1.4122e-06,657,0,0,100,0,0.27006
5,0,19,100,1.5157,1.9258e-06,434,0,0,100,0,0.27077
5,0,20,100,1.5225,6.1625e-06,496,0,0,100,0,0.26921
5,0,21,100,1.289,1.4122e-06,340,0,0,100,0,0.2752
5,0,22,100,1.1871,1.4122e-06,242,0,0,100,0,0.28152
5,0,23,100,1.1754,1.4122e-06,307,0,0,100,0,0.28596
5,0,24,100,1.0811,1.9258e-06,200,0,0,100,0,0.29726
5,0,25,100,1.0063,1.4122e-06,153,0,0,100,0,0.30492
5,0,26,100,0.97601,1.4122e-06,146,0,0,100,0,0.299
5,0,27,100,0.95912,1.4122e-06,121,0,0,100,0,0.29926
5,0,28,100,0.88359,1.4122e-06,96,0,0,100,0,0.2969
5,0,29,100,0.85849,1.4122e-06,101,0,0,100,0,0.30081
5,0,30,100,0.99584,1.4122e-06,118,0,0,100,0,0.29917
5,0,31,100,0.86252,1.4122e-06,79,0,0,100,0,0.30762
5,0,32,100,0.82476,1.4122e-06,94,0,0,100,0,0.30366
5,0,33,100,0.78084,1.4122e-06,88,0,0,100,0,0.31022
5,0,34,100,0.8298,1.4122e-06,87,0,0,100,0,0.31123
5,0,35,100,0.81472,1.4122e-06,69,0,0,100,0,0.31279
5,0,36,100,0.85992,1.4122e-06,120,0,0,100,0,0.30978
5,0,37,100,0.75539,1.4122e-06,58,0,0,100,0,0.31645
5,0,38,100,0.61046,1.4122e-06,45,0,0,100,0,0.32333
5,0,39,100,0.67716,1.4122e-06,46,0,0,100,0,0.32638
5,0,40,99.999,0.53896,1.4122e-06,20,0,0,100,0,0.33067
5,0,41,99.999,0.53613,1.4122e-06,20,0,0,100,0,0.32935
5,0,42,100,0.48345,1.4122e-06,22,0,0,100,0,0.33574
5,0,43,100,0.4832,1.4122e-06,22,0,0,100,0,0.3299
5,0,44,99.999,0.50186,1.4122e-06,20,0,0,100,0,0.34
5,0,45,100,0.45825,1.4122e-06,22,0,0,100,0,0.33829
5,0,46,100,0.46261,1.4122e-06,22,0,0,100,0,0.33709
5,0,47,100,0.45178,1.4122e-06,22,0,0,100,0,0.33487
5,0,48,100,0.41913,1.4122e-06,22,0,0,100,0,0.33502
5,0,49,100,0.43075,1.4122e-06,28,0,0,100,0,0.3377
5,0,50,100,0.4011,1.4122e-06,28,0,0,100,0,0.33498
5,1,0,100,2.2213,0.0064634,130,0,0,100,0,0.0083481
5,1,1,100,2.1046,0.00030456,590,0,0,100,0,0.055893
5,1,2,100,1.8918,1.9258e-06,726,0,0,100,0,0.10231
5,1,3,100,1.7461,1.9258e-06,790,0,0,100,0,0.11926
5,1,4,100,1.5189,1.0271e-06,621,0,0,100,0,0.15249
5,1,5,100,1.4443,1.0271e-06,572,0,0,100,0,0.18527
5,1,6,100,1.4118,1.0271e-06,529,0,0,100,0,0.18807
5,1,7,100,1.5176,1.0271e-06,491,0,0,100,0,0.19479
5,1,8,100,1.4564,1.0271e-06,398,0,0,100,0,0.2058
5,1,9,100,1.4359,1.0271e-06,507,0,0,100,0,0.20804
5,1,10,100,1.3904,1.0271e-06,458,0,0,100,0,0.22284
5,1,11,100,1.4069,1.0271e-06,676,0,0,100,0,0.21594
5,1,12,100,1.3729,1.0271e-06,676,0,0,100,0,0.22912
5,1,13,100,1.3106,1.0271e-06,586,0,0,100,0,0.23349
5,1,14,100,1.2561,1.0271e-06,505,0,0,100,0,0.25079
5,1,15,100,1.2277,1.9258e-06,331,0,0,100,0,0.26125
5,1,16,100,1.1957,1.9258e-06,339,0,0,100,0,0.26448
5,1,17,100,1.1907,1.9258e-06,383,0,0,100,0,0.25961
5,1,18,100,1.2279,1.9258e-06,493,0,0,100,0,0.2666
5,1,19,100,1.1628,1.9258e-06,505,0,0,100,0,0.25754
5,1,20,100,1.1758,1.9258e-06,447,0,0,100,0,0.26386
5,1,21,100,1.125,1.9258e-06,451,0,0,100,0,0.2694
5,1,22,100,1.1234,1.9258e-06,404,0,0,100,0,0.2698
5,1,23,100,1.1184,1.9258e-06,401,0,0,100,0,0.27395
5,1,24,100,1.0533,1.9258e-06,349,0,0,100,0,0.28104
5,1,25,100,0.99242,1.9258e-06,317,0,0,100,0,0.28828
5,1,26,100,0.96883,5.1354e-06,315,0,0,100,0,0.29831
5,1,27,100,1.0059,5.1354e-06,304,0,0,100,0,0.2819
5,1,28,100,1.1074,5.1354e-06,286,0,0,100,0,0.28057
5,1,29,100,1.0504,5.1354e-06,253,0,0,100,0,0.28244
5,1,30,100,0.99416,1.4122e-06,260,0,0,100,0,0.28474
5,1,31,100,0.99245,1.4122e-06,220,0,0,100,0,0.29779
5,1,32,100,0.97615,1.4122e-06,178,0,0,100,0,0.28939
5,1,33,100,0.91949,1.4122e-06,189,0,0,100,0,0.28897
5,1,34,100,0.90003,1.4122e-06,190,0,0,100,0,0.29129
5,1,35,100,0.83716,1.4122e-06,163,0,0,100,0,0.29202
5,1,36,100,0.81993,1.4122e-06,170,0,0,100,0,0.29025
5,1,37,100,0.74578,1.4122e-06,158,0,0,100,0,0.2938
5,1,38,100,0.69328,1.4122e-06,160,0,0,100,0,0.29412
5,1,39,100,0.66206,1.4122e-06,158,0,0,100,0,0.30132
5,1,40,100,0.63253,1.4122e-06,156,0,0,100,0,0.31036
5,1,41,100,0.70775,1.4122e-06,170,0,0,100,0,0.31032
5,1,42,100,0.67726,1.4122e-06,170,0,0,100,0,0.31295
5,1,43,100,0.5664,1.4122e-06,130,0,0,100,0,0.31097
5,1,44,100,0.5283,1.4122e-06,130,0,0,100,0,0.31111
5,1,45,100,0.50406,1.4122e-06,132,0,0,100,0,0.32035
5,1,46,100,0.50044,1.4122e-06,132,0,0,100,0,0.31209
5,1,47,100,0.48627,1.4122e-06,132,0,0,100,0,0.31278
5,1,48,100,0.47894,1.4122e-06,132,0,0,100,0,0.31126
5,1,49,100,0.47269,1.4122e-06,132,0,0,100,0,0.31147
5,1,50,100,0.46156,1.4122e-06,132,0,0,100,0,0.32061
5,2,0,100,2.2213,0.0064634,130,0,0,100,0,0.0084292
5,2,1,100,2.1046,0.00030456,590,0,0,100,0,0.055393
5,2,2,100,1.9344,2.465e-06,761,0,0,100,0,0.10762
5,2,3,100,1.697,1.0271e-06,844,0,0,100,0,0.11958
5,2,4,100,1.6426,1.0271e-06,755,0,0,100,0,0.16006
5,2,5,100,1.5854,1.0271e-06,726,0,0,100,0,0.16159
5,2,6,100,1.6519,2.465e-06,1780,0,0,100,0,0.22478
5,2,7,100,1.6121,2.465e-06,1625,0,0,100,0,0.24428
5,2,8,100,1.5635,2.465e-06,854,0,0,100,0,0.23826
5,2,9,100,1.4691,2.465e-06,879,0,0,100,0,0.24709
5,2,10,100,1.4241,1.9258e-06,422,0,0,100,0,0.25624
5,2,11,100,1.441,1.9258e-06,388,0,0,100,0,0.24664
5,2,12,100,1.402,1.9258e-06,324,0,0,100,0,0.25908
5,2,13,100,1.365,1.9258e-06,449,0,0,100,0,0.25882
5,2,14,100,1.3287,1.9258e-06,427,0,0,100,0,0.26874
5,2,15,100,1.2815,1.9258e-06,401,0,0,100,0,0.27677
5,2,16,100,1.2673,1.9258e-06,376,0,0,100,0,0.27699
5,2,17,100,1.2382,1.9258e-06,316,0,0,100,0,0.28579
5,2,18,100,1.2086,1.9258e-06,308,0,0,100,0,0.29843
5,2,19,100,1.1745,1.9258e-06,346,0,0,100,0,0.30149
5,2,20,100,1.1858,1.9258e-06,382,0,0,100,0,0.30734
5,2,21,100,1.1228,1.9258e-06,373,0,0,100,0,0.31019
5,2,22,100,1.0895,1.9258e-06,352,0,0,100,0,0.31583
5,2,23,100,1.1065,1.9258e-06,295,0,0,100,0,0.31441
5,2,24,100,1.1333,1.9258e-06,322,0,0,100,0,0.30496
5,2,25,100,1.1069,1.9258e-06,326,0,0,100,0,0.30754
5,2,26,100,1.1128,2.5677e-07,345,0,0,100,0,0.3107
5,2,27,100,1.1281,2.5677e-07,386,0,0,100,0,0.30677
5,2,28,100,1.0702,2.5677e-07,382,0,0,100,0,0.31544
5,2,29,100,0.95397,1.9258e-06,266,0,0,100,0,0.32569
5,2,30,100,0.92266,1.9258e-06,239,0,0,100,0,0.32897
5,2,31,100,0.94322,5.1354e-06,224,0,0,100,0,0.32433
5,2,32,100,0.92225,5.1354e-06,223,0,0,100,0,0.3287
5,2,33,100,0.87401,1.9258e-06,220,0,0,100,0,0.33061
5,2,34,100,0.87675,1.9258e-06,219,0,0,100,0,0.32948
5,2,35,100,0.93185,1.9258e-06,224,0,0,100,0,0.33064
5,2,36,100,0.93036,1.9258e-06,227,0,0,100,0,0.33286
5,2,37,100,0.8996,1.9258e-06,109,0,0,100,0,0.34625
5,2,38,100,0.89007,1.9258e-06,111,0,0,100,0,0.34254
5,2,39,100,0.87147,1.9258e-06,110,0,0,100,0,0.34544
5,2,40,100,0.82336,1.9258e-06,110,0,0,100,0,0.35242
5,2,41,100,0.79653,1.5406e-06,117,0,0,100,0,0.3442
5,2,42,100,0.79575,1.5406e-06,119,0,0,100,0,0.34656
5,2,43,100,0.76887,1.5406e-06,115,0,0,100,0,0.34437
5,2,44,100,0.73667,1.5406e-06,124,0,0,100,0,0.3464
5,2,45,100,0.68513,1.5406e-06,83,0,0,100,0,0.34828
5,2,46,100,0.67454,1.5406e-06,84,0,0,100,0,0.34934
5,2,47,100,0.67264,1.5406e-06,84,0,0,100,0,0.35153
5,2,48,100,0.53602,1.5406e-06,47,0,0,100,0,0.35355
5,2,49,100,0.6173,1.5406e-06,50,0,0,100,0,0.35593
5,2,50,100,0.51886,1.5406e-06,47,0,0,100,0,0.3525
0,0,0,0,0,0,0,0,0,0,0,0
0,0,0,0,0,0,0,0,0,0,0,0
0,0,0,0,0,0,0,0,0,0,0,0
0,0,0,0,0,0,0,0,0,0,0,0
0,0,0,0,0,0,0,0,0,0,0,0
0,0,0,0,0,0,0,0,0,0,0,0
0,0,0,0,0,0,0,0,0,0,0,0
0,0,0,0,0,0,0,0,0,0,0,0
0,0,0,0,0,0,0,0,0,0,0,0
0,0,0,0,0,0,0,0,0,0,0,0
0,0,0,0,0,0,0,0,0,0,0,0
0,0,0,0,0,0,0,0,0,0,0,0
0,0,0,0,0,0,0,0,0,0,0,0
0,0,0,0,0,0,0,0,0,0,0,0
0,0,0,0,0,0,0,0,0,0,0,0
0,0,0,0,0,0,0,0,0,0,0,0
0,0,0,0,0,0,0,0,0,0,0,0
0,0,0,0,0,0,0,0,0,0,0,0
0,0,0,0,0,0,0,0,0,0,0,0
0,0,0,0,0,0,0,0,0,0,0,0
0,0,0,0,0,0,0,0,0,0,0,0
0,0,0,0,0,0,0,0,0,0,0,0
0,0,0,0,0,0,0,0,0,0,0,0
0,0,0,0,0,0,0,0,0,0,0,0
0,0,0,0,0,0,0,0,0,0,0,0
0,0,0,0,0,0,0,0,0,0,0,0
0,0,0,0,0,0,0,0,0,0,0,0
0,0,0,0,0,0,0,0,0,0,0,0
0,0,0,0,0,0,0,0,0,0,0,0
0,0,0,0,0,0,0,0,0,0,0,0
0,0,0,0,0,0,0,0,0,0,0,0
0,0,0,0,0,0,0,0,0,0,0,0
0,0,0,0,0,0,0,0,0,0,0,0
0,0,0,0,0,0,0,0,0,0,0,0
0,0,0,0,0,0,0,0,0,0,0,0
0,0,0,0,0,0,0,0,0,0,0,0
0,0,0,0,0,0,0,0,0,0,0,0
0,0,0,0,0,0,0,0,0,0,0,0
0,0,0,0,0,0,0,0,0,0,0,0
0,0,0,0,0,0,0,0,0,0,0,0
0,0,0,0,0,0,0,0,0,0,0,0
0,0,0,0,0,0,0,0,0,0,0,0
0,0,0,0,0,0,0,0,0,0,0,0
0,0,0,0,0,0,0,0,0,0,0,0
0,0,0,0,0,0,0,0,0,0,0,0
0,0,0,0,0,0,0,0,0,0,0,0
0,0,0,0,0,0,0,0,0,0,0,0
0,0,0,0,0,0,0,0,0,0,0,0
0,0,0,0,0,0,0,0,0,0,0,0
0,0,0,0,0,0,0,0,0,0,0,0
0,0,0,0,0,0,0,0,0,0,0,0
0,0,0,0,0,0,0,0,0,0,0,0
0,0,0,0,0,0,0,0,0,0,0,0
0,0,0,0,0,0,0,0,0,0,0,0
0,0,0,0,0,0,0,0,0,0,0,0
0,0,0,0,0,0,0,0,0,0,0,0
0,0,0,0,0,0,0,0,0,0,0,0
0,0,0,0,0,0,0,0,0,0,0,0
0,0,0,0,0,0,0,0,0,0,0,0
0,0,0,0,0,0,0,0,0,0,0,0
0,0,0,0,0,0,0,0,0,0,0,0
0,0,0,0,0,0,0,0,0,0,0,0
0,0,0,0,0,0,0,0,0,0,0,0
0,0,0,0,0,0,0,0,0,0,0,0
0,0,0,0,0,0,0,0,0,0,0,0
0,0,0,0,0,0,0,0,0,0,0,0
0,0,0,0,0,0,0,0,0,0,0,0
0,0,0,0,0,0,0,0,0,0,0,0
0,0,0,0,0,0,0,0,0,0,0,0
0,0,0,0,0,0,0,0,0,0,0,0
0,0,0,0,0,0,0,0,0,0,0,0
0,0,0,0,0,0,0,0,0,0,0,0
0,0,0,0,0,0,0,0,0,0,0,0
0,0,0,0,0,0,0,0,0,0,0,0
0,0,0,0,0,0,0,0,0,0,0,0
0,0,0,0,0,0,0,0,0,0,0,0
0,0,0,0,0,0,0,0,0,0,0,0
0,0,0,0,0,0,0,0,0,0,0,0
0,0,0,0,0,0,0,0,0,0,0,0
0,0,0,0,0,0,0,0,0,0,0,0
0,0,0,0,0,0,0,0,0,0,0,0
0,0,0,0,0,0,0,0,0,0,0,0
0,0,0,0,0,0,0,0,0,0,0,0
0,0,0,0,0,0,0,0,0,0,0,0
0,0,0,0,0,0,0,0,0,0,0,0
0,0,0,0,0,0,0,0,0,0,0,0
0,0,0,0,0,0,0,0,0,0,0,0
0,0,0,0,0,0,0,0,0,0,0,0
0,0,0,0,0,0,0,0,0,0,0,0
0,0,0,0,0,0,0,0,0,0,0,0
0,0,0,0,0,0,0,0,0,0,0,0
0,0,0,0,0,0,0,0,0,0,0,0
0,0,0,0,0,0,0,0,0,0,0,0
0,0,0,0,0,0,0,0,0,0,0,0
0,0,0,0,0,0,0,0,0,0,0,0
0,0,0,0,0,0,0,0,0,0,0,0
0,0,0,0,0,0,0,0,0,0,0,0
0,0,0,0,0,0,0,0,0,0,0,0
0,0,0,0,0,0,0,0,0,0,0,0
0,0,0,0,0,0,0,0,0,0,0,0
0,0,0,0,0,0,0,0,0,0,0,0
0,0,0,0,0,0,0,0,0,0,0,0
0,0,0,0,0,0,0,0,0,0,0,0
0,0,0,0,0,0,0,0,0,0,0,0
0,0,0,0,0,0,0,0,0,0,0,0
0,0,0,0,0,0,0,0,0,0,0,0
0,0,0,0,0,0,0,0,0,0,0,0
0,0,0,0,0,0,0,0,0,0,0,0
0,0,0,0,0,0,0,0,0,0,0,0
0,0,0,0,0,0,0,0,0,0,0,0
0,0,0,0,0,0,0,0,0,0,0,0
0,0,0,0,0,0,0,0,0,0,0,0
0,0,0,0,0,0,0,0,0,0,0,0
0,0,0,0,0,0,0,0,0,0,0,0
0,0,0,0,0,0,0,0,0,0,0,0
0,0,0,0,0,0,0,0,0,0,0,0
0,0,0,0,0,0,0,0,0,0,0,0
0,0,0,0,0,0,0,0,0,0,0,0
0,0,0,0,0,0,0,0,0,0,0,0
0,0,0,0,0,0,0,0,0,0,0,0
0,0,0,0,0,0,0,0,0,0,0,0
0,0,0,0,0,0,0,0,0,0,0,0
0,0,0,0,0,0,0,0,0,0,0,0
0,0,0,0,0,0,0,0,0,0,0,0
0,0,0,0,0,0,0,0,0,0,0,0
0,0,0,0,0,0,0,0,0,0,0,0
0,0,0,0,0,0,0,0,0,0,0,0
0,0,0,0,0,0,0,0,0,0,0,0
0,0,0,0,0,0,0,0,0,0,0,0
0,0,0,0,0,0,0,0,0,0,0,0
0,0,0,0,0,0,0,0,0,0,0,0
0,0,0,0,0,0,0,0,0,0,0,0
0,0,0,0,0,0,0,0,0,0,0,0
0,0,0,0,0,0,0,0,0,0,0,0
0,0,0,0,0,0,0,0,0,0,0,0
0,0,0,0,0,0,0,0,0,0,0,0
0,0,0,0,0,0,0,0,0,0,0,0
0,0,0,0,0,0,0,0,0,0,0,0
0,0,0,0,0,0,0,0,0,0,0,0
0,0,0,0,0,0,0,0,0,0,0,0
0,0,0,0,0,0,0,0,0,0,0,0
0,0,0,0,0,0,0,0,0,0,0,0
0,0,0,0,0,0,0,0,0,0,0,0
0,0,0,0,0,0,0,0,0,0,0,0
0,0,0,0,0,0,0,0,0,0,0,0
0,0,0,0,0,0,0,0,0,0,0,0
0,0,0,0,0,0,0,0,0,0,0,0
0,0,0,0,0,0,0,0,0,0,0,0
0,0,0,0,0,0,0,0,0,0,0,0
0,0,0,0,0,0,0,0,0,0,0,0
0,0,0,0,0,0,0,0,0,0,0,0
0,0,0,0,0,0,0,0,0,0,0,0
0,0,0,0,0,0,0,0,0,0,0,0
0,0,0,0,0,0,0,0,0,0,0,0
0,0,0,0,0,0,0,0,0,0,0,0
0,0,0,0,0,0,0,0,0,0,0,0
0,0,0,0,0,0,0,0,0,0,0,0
0,0,0,0,0,0,0,0,0,0,0,0
0,0,0,0,0,0,0,0,0,0,0,0
0,0,0,0,0,0,0,0,0,0,0,0
0,0,0,0,0,0,0,0,0,0,0,0
0,0,0,0,0,0,0,0,0,0,0,0
0,0,0,0,0,0,0,0,0,0,0,0
0,0,0,0,0,0,0,0,0,0,0,0
0,0,0,0,0,0,0,0,0,0,0,0
0,0,0,0,0,0,0,0,0,0,0,0
0,0,0,0,0,0,0,0,0,0,0,0
0,0,0,0,0,0,0,0,0,0,0,0
0,0,0,0,0,0,0,0,0,0,0,0
0,0,0,0,0,0,0,0,0,0,0,0
0,0,0,0,0,0,0,0,0,0,0,0
0,0,0,0,0,0,0,0,0,0,0,0
0,0,0,0,0,0,0,0,0,0,0,0
0,0,0,0,0,0,0,0,0,0,0,0
0,0,0,0,0,0,0,0,0,0,0,0
0,0,0,0,0,0,0,0,0,0,0,0
0,0,0,0,0,0,0,0,0,0,0,0
0,0,0,0,0,0,0,0,0,0,0,0
0,0,0,0,0,0,0,0,0,0,0,0
0,0,0,0,0,0,0,0,0,0,0,0
0,0,0,0,0,0,0,0,0,0,0,0
0,0,0,0,0,0,0,0,0,0,0,0
0,0,0,0,0,0,0,0,0,0,0,0
0,0,0,0,0,0,0,0,0,0,0,0
0,0,0,0,0,0,0,0,0,0,0,0
0,0,0,0,0,0,0,0,0,0,0,0
0,0,0,0,0,0,0,0,0,0,0,0
0,0,0,0,0,0,0,0,0,0,0,0
0,0,0,0,0,0,0,0,0,0,0,0
0,0,0,0,0,0,0,0,0,0,0,0
0,0,0,0,0,0,0,0,0,0,0,0
0,0,0,0,0,0,0,0,0,0,0,0
0,0,0,0,0,0,0,0,0,0,0,0
0,0,0,0,0,0,0,0,0,0,0,0
0,0,0,0,0,0,0,0,0,0,0,0
0,0,0,0,0,0,0,0,0,0,0,0
0,0,0,0,0,0,0,0,0,0,0,0
0,0,0,0,0,0,0,0,0,0,0,0
0,0,0,0,0,0,0,0,0,0,0,0
0,0,0,0,0,0,0,0,0,0,0,0
0,0,0,0,0,0,0,0,0,0,0,0
0,0,0,0,0,0,0,0,0,0,0,0
0,0,0,0,0,0,0,0,0,0,0,0
0,0,0,0,0,0,0,0,0,0,0,0
0,0,0,0,0,0,0,0,0,0,0,0
0,0,0,0,0,0,0,0,0,0,0,0
0,0,0,0,0,0,0,0,0,0,0,0
0,0,0,0,0,0,0,0,0,0,0,0
0,0,0,0,0,0,0,0,0,0,0,0
0,0,0,0,0,0,0,0,0,0,0,0
0,0,0,0,0,0,0,0,0,0,0,0
0,0,0,0,0,0,0,0,0,0,0,0
0,0,0,0,0,0,0,0,0,0,0,0
0,0,0,0,0,0,0,0,0,0,0,0
0,0,0,0,0,0,0,0,0,0,0,0
0,0,0,0,0,0,0,0,0,0,0,0
0,0,0,0,0,0,0,0,0,0,0,0
0,0,0,0,0,0,0,0,0,0,0,0
0,0,0,0,0,0,0,0,0,0,0,0
0,0,0,0,0,0,0,0,0,0,0,0
0,0,0,0,0,0,0,0,0,0,0,0
0,0,0,0,0,0,0,0,0,0,0,0
0,0,0,0,0,0,0,0,0,0,0,0
0,0,0,0,0,0,0,0,0,0,0,0
0,0,0,0,0,0,0,0,0,0,0,0
0,0,0,0,0,0,0,0,0,0,0,0
0,0,0,0,0,0,0,0,0,0,0,0
0,0,0,0,0,0,0,0,0,0,0,0
0,0,0,0,0,0,0,0,0,0,0,0
0,0,0,0,0,0,0,0,0,0,0,0
0,0,0,0,0,0,0,0,0,0,0,0
0,0,0,0,0,0,0,0,0,0,0,0
0,0,0,0,0,0,0,0,0,0,0,0
0,0,0,0,0,0,0,0,0,0,0,0
0,0,0,0,0,0,0,0,0,0,0,0
0,0,0,0,0,0,0,0,0,0,0,0
0,0,0,0,0,0,0,0,0,0,0,0
0,0,0,0,0,0,0,0,0,0,0,0
0,0,0,0,0,0,0,0,0,0,0,0
0,0,0,0,0,0,0,0,0,0,0,0
0,0,0,0,0,0,0,0,0,0,0,0
0,0,0,0,0,0,0,0,0,0,0,0
0,0,0,0,0,0,0,0,0,0,0,0
0,0,0,0,0,0,0,0,0,0,0,0
0,0,0,0,0,0,0,0,0,0,0,0
0,0,0,0,0,0,0,0,0,0,0,0
0,0,0,0,0,0,0,0,0,0,0,0
0,0,0,0,0,0,0,0,0,0,0,0
0,0,0,0,0,0,0,0,0,0,0,0
0,0,0,0,0,0,0,0,0,0,0,0
0,0,0,0,0,0,0,0,0,0,0,0
0,0,0,0,0,0,0,0,0,0,0,0
0,0,0,0,0,0,0,0,0,0,0,0
0,0,0,0,0,0,0,0,0,0,0,0
0,0,0,0,0,0,0,0,0,0,0,0
0,0,0,0,0,0,0,0,0,0,0,0
0,0,0,0,0,0,0,0,0,0,0,0
0,0,0,0,0,0,0,0,0,0,0,0
0,0,0,0,0,0,0,0,0,0,0,0
0,0,0,0,0,0,0,0,0,0,0,0
0,0,0,0,0,0,0,0,0,0,0,0
0,0,0,0,0,0,0,0,0,0,0,0
0,0,0,0,0,0,0,0,0,0,0,0
0,0,0,0,0,0,0,0,0,0,0,0
0,0,0,0,0,0,0,0,0,0,0,0
0,0,0,0,0,0,0,0,0,0,0,0
0,0,0,0,0,0,0,0,0,0,0,0
0,0,0,0,0,0,0,0,0,0,0,0
0,0,0,0,0,0,0,0,0,0,0,0
0,0,0,0,0,0,0,0,0,0,0,0
0,0,0,0,0,0,0,0,0,0,0,0
0,0,0,0,0,0,0,0,0,0,0,0
0,0,0,0,0,0,0,0,0,0,0,0
0,0,0,0,0,0,0,0,0,0,0,0
0,0,0,0,0,0,0,0,0,0,0,0
0,0,0,0,0,0,0,0,0,0,0,0
0,0,0,0,0,0,0,0,0,0,0,0
0,0,0,0,0,0,0,0,0,0,0,0
0,0,0,0,0,0,0,0,0,0,0,0
0,0,0,0,0,0,0,0,0,0,0,0
0,0,0,0,0,0,0,0,0,0,0,0
0,0,0,0,0,0,0,0,0,0,0,0
0,0,0,0,0,0,0,0,0,0,0,0
0,0,0,0,0,0,0,0,0,0,0,0
0,0,0,0,0,0,0,0,0,0,0,0
0,0,0,0,0,0,0,0,0,0,0,0
0,0,0,0,0,0,0,0,0,0,0,0
0,0,0,0,0,0,0,0,0,0,0,0
0,0,0,0,0,0,0,0,0,0,0,0
0,0,0,0,0,0,0,0,0,0,0,0
0,0,0,0,0,0,0,0,0,0,0,0
0,0,0,0,0,0,0,0,0,0,0,0
0,0,0,0,0,0,0,0,0,0,0,0
0,0,0,0,0,0,0,0,0,0,0,0
0,0,0,0,0,0,0,0,0,0,0,0
0,0,0,0,0,0,0,0,0,0,0,0
0,0,0,0,0,0,0,0,0,0,0,0
0,0,0,0,0,0,0,0,0,0,0,0
0,0,0,0,0,0,0,0,0,0,0,0
0,0,0,0,0,0,0,0,0,0,0,0
0,0,0,0,0,0,0,0,0,0,0,0
0,0,0,0,0,0,0,0,0,0,0,0
0,0,0,0,0,0,0,0,0,0,0,0
0,0,0,0,0,0,0,0,0,0,0,0
0,0,0,0,0,0,0,0,0,0,0,0
0,0,0,0,0,0,0,0,0,0,0,0
0,0,0,0,0,0,0,0,0,0,0,0
0,0,0,0,0,0,0,0,0,0,0,0
0,0,0,0,0,0,0,0,0,0,0,0
0,0,0,0,0,0,0,0,0,0,0,0
0,0,0,0,0,0,0,0,0,0,0,0
0,0,0,0,0,0,0,0,0,0,0,0
0,0,0,0,0,0,0,0,0,0,0,0
0,0,0,0,0,0,0,0,0,0,0,0
0,0,0,0,0,0,0,0,0,0,0,0
0,0,0,0,0,0,0,0,0,0,0,0
0,0,0,0,0,0,0,0,0,0,0,0
0,0,0,0,0,0,0,0,0,0,0,0
0,0,0,0,0,0,0,0,0,0,0,0
0,0,0,0,0,0,0,0,0,0,0,0
0,0,0,0,0,0,0,0,0,0,0,0
0,0,0,0,0,0,0,0,0,0,0,0
0,0,0,0,0,0,0,0,0,0,0,0
0,0,0,0,0,0,0,0,0,0,0,0
0,0,0,0,0,0,0,0,0,0,0,0
0,0,0,0,0,0,0,0,0,0,0,0
0,0,0,0,0,0,0,0,0,0,0,0
0,0,0,0,0,0,0,0,0,0,0,0
0,0,0,0,0,0,0,0,0,0,0,0
0,0,0,0,0,0,0,0,0,0,0,0
0,0,0,0,0,0,0,0,0,0,0,0
0,0,0,0,0,0,0,0,0,0,0,0
0,0,0,0,0,0,0,0,0,0,0,0
0,0,0,0,0,0,0,0,0,0,0,0
0,0,0,0,0,0,0,0,0,0,0,0
0,0,0,0,0,0,0,0,0,0,0,0
0,0,0,0,0,0,0,0,0,0,0,0
0,0,0,0,0,0,0,0,0,0,0,0
0,0,0,0,0,0,0,0,0,0,0,0
0,0,0,0,0,0,0,0,0,0,0,0
0,0,0,0,0,0,0,0,0,0,0,0
0,0,0,0,0,0,0,0,0,0,0,0
0,0,0,0,0,0,0,0,0,0,0,0
0,0,0,0,0,0,0,0,0,0,0,0
0,0,0,0,0,0,0,0,0,0,0,0
0,0,0,0,0,0,0,0,0,0,0,0
0,0,0,0,0,0,0,0,0,0,0,0
0,0,0,0,0,0,0,0,0,0,0,0
0,0,0,0,0,0,0,0,0,0,0,0
0,0,0,0,0,0,0,0,0,0,0,0
0,0,0,0,0,0,0,0,0,0,0,0
0,0,0,0,0,0,0,0,0,0,0,0
0,0,0,0,0,0,0,0,0,0,0,0
0,0,0,0,0,0,0,0,0,0,0,0
0,0,0,0,0,0,0,0,0,0,0,0
0,0,0,0,0,0,0,0,0,0,0,0
0,0,0,0,0,0,0,0,0,0,0,0
0,0,0,0,0,0,0,0,0,0,0,0
0,0,0,0,0,0,0,0,0,0,0,0
0,0,0,0,0,0,0,0,0,0,0,0
0,0,0,0,0,0,0,0,0,0,0,0
0,0,0,0,0,0,0,0,0,0,0,0
0,0,0,0,0,0,0,0,0,0,0,0
0,0,0,0,0,0,0,0,0,0,0,0
0,0,0,0,0,0,0,0,0,0,0,0
0,0,0,0,0,0,0,0,0,0,0,0
0,0,0,0,0,0,0,0,0,0,0,0
0,0,0,0,0,0,0,0,0,0,0,0
0,0,0,0,0,0,0,0,0,0,0,0
0,0,0,0,0,0,0,0,0,0,0,0
0,0,0,0,0,0,0,0,0,0,0,0
0,0,0,0,0,0,0,0,0,0,0,0
0,0,0,0,0,0,0,0,0,0,0,0
0,0,0,0,0,0,0,0,0,0,0,0
0,0,0,0,0,0,0,0,0,0,0,0
0,0,0,0,0,0,0,0,0,0,0,0
0,0,0,0,0,0,0,0,0,0,0,0
0,0,0,0,0,0,0,0,0,0,0,0
0,0,0,0,0,0,0,0,0,0,0,0
0,0,0,0,0,0,0,0,0,0,0,0
0,0,0,0,0,0,0,0,0,0,0,0
0,0,0,0,0,0,0,0,0,0,0,0
0,0,0,0,0,0,0,0,0,0,0,0
0,0,0,0,0,0,0,0,0,0,0,0
0,0,0,0,0,0,0,0,0,0,0,0
0,0,0,0,0,0,0,0,0,0,0,0
0,0,0,0,0,0,0,0,0,0,0,0
0,0,0,0,0,0,0,0,0,0,0,0
0,0,0,0,0,0,0,0,0,0,0,0
0,0,0,0,0,0,0,0,0,0,0,0
0,0,0,0,0,0,0,0,0,0,0,0
0,0,0,0,0,0,0,0,0,0,0,0
0,0,0,0,0,0,0,0,0,0,0,0
0,0,0,0,0,0,0,0,0,0,0,0
0,0,0,0,0,0,0,0,0,0,0,0
0,0,0,0,0,0,0,0,0,0,0,0
0,0,0,0,0,0,0,0,0,0,0,0
0,0,0,0,0,0,0,0,0,0,0,0
0,0,0,0,0,0,0,0,0,0,0,0
0,0,0,0,0,0,0,0,0,0,0,0
0,0,0,0,0,0,0,0,0,0,0,0
0,0,0,0,0,0,0,0,0,0,0,0
0,0,0,0,0,0,0,0,0,0,0,0
0,0,0,0,0,0,0,0,0,0,0,0
0,0,0,0,0,0,0,0,0,0,0,0
0,0,0,0,0,0,0,0,0,0,0,0
0,0,0,0,0,0,0,0,0,0,0,0
0,0,0,0,0,0,0,0,0,0,0,0
0,0,0,0,0,0,0,0,0,0,0,0
0,0,0,0,0,0,0,0,0,0,0,0
0,0,0,0,0,0,0,0,0,0,0,0
0,0,0,0,0,0,0,0,0,0,0,0
0,0,0,0,0,0,0,0,0,0,0,0
0,0,0,0,0,0,0,0,0,0,0,0
0,0,0,0,0,0,0,0,0,0,0,0
0,0,0,0,0,0,0,0,0,0,0,0
0,0,0,0,0,0,0,0,0,0,0,0
0,0,0,0,0,0,0,0,0,0,0,0
0,0,0,0,0,0,0,0,0,0,0,0
0,0,0,0,0,0,0,0,0,0,0,0
0,0,0,0,0,0,0,0,0,0,0,0
0,0,0,0,0,0,0,0,0,0,0,0
0,0,0,0,0,0,0,0,0,0,0,0
0,0,0,0,0,0,0,0,0,0,0,0
0,0,0,0,0,0,0,0,0,0,0,0
0,0,0,0,0,0,0,0,0,0,0,0
0,0,0,0,0,0,0,0,0,0,0,0
0,0,0,0,0,0,0,0,0,0,0,0
0,0,0,0,0,0,0,0,0,0,0,0
0,0,0,0,0,0,0,0,0,0,0,0
0,0,0,0,0,0,0,0,0,0,0,0
0,0,0,0,0,0,0,0,0,0,0,0
0,0,0,0,0,0,0,0,0,0,0,0
0,0,0,0,0,0,0,0,0,0,0,0
0,0,0,0,0,0,0,0,0,0,0,0
0,0,0,0,0,0,0,0,0,0,0,0
0,0,0,0,0,0,0,0,0,0,0,0
0,0,0,0,0,0,0,0,0,0,0,0
0,0,0,0,0,0,0,0,0,0,0,0
0,0,0,0,0,0,0,0,0,0,0,0
0,0,0,0,0,0,0,0,0,0,0,0
0,0,0,0,0,0,0,0,0,0,0,0
0,0,0,0,0,0,0,0,0,0,0,0
0,0,0,0,0,0,0,0,0,0,0,0
0,0,0,0,0,0,0,0,0,0,0,0
0,0,0,0,0,0,0,0,0,0,0,0
0,0,0,0,0,0,0,0,0,0,0,0
0,0,0,0,0,0,0,0,0,0,0,0
0,0,0,0,0,0,0,0,0,0,0,0
0,0,0,0,0,0,0,0,0,0,0,0
0,0,0,0,0,0,0,0,0,0,0,0
0,0,0,0,0,0,0,0,0,0,0,0
0,0,0,0,0,0,0,0,0,0,0,0
0,0,0,0,0,0,0,0,0,0,0,0
0,0,0,0,0,0,0,0,0,0,0,0
0,0,0,0,0,0,0,0,0,0,0,0
0,0,0,0,0,0,0,0,0,0,0,0
0,0,0,0,0,0,0,0,0,0,0,0
0,0,0,0,0,0,0,0,0,0,0,0
0,0,0,0,0,0,0,0,0,0,0,0
0,0,0,0,0,0,0,0,0,0,0,0
0,0,0,0,0,0,0,0,0,0,0,0
0,0,0,0,0,0,0,0,0,0,0,0
0,0,0,0,0,0,0,0,0,0,0,0
0,0,0,0,0,0,0,0,0,0,0,0
0,0,0,0,0,0,0,0,0,0,0,0
0,0,0,0,0,0,0,0,0,0,0,0
0,0,0,0,0,0,0,0,0,0,0,0
0,0,0,0,0,0,0,0,0,0,0,0
0,0,0,0,0,0,0,0,0,0,0,0
0,0,0,0,0,0,0,0,0,0,0,0
0,0,0,0,0,0,0,0,0,0,0,0
0,0,0,0,0,0,0,0,0,0,0,0
0,0,0,0,0,0,0,0,0,0,0,0
0,0,0,0,0,0,0,0,0,0,0,0
0,0,0,0,0,0,0,0,0,0,0,0
0,0,0,0,0,0,0,0,0,0,0,0
0,0,0,0,0,0,0,0,0,0,0,0
0,0,0,0,0,0,0,0,0,0,0,0
0,0,0,0,0,0,0,0,0,0,0,0
0,0,0,0,0,0,0,0,0,0,0,0
0,0,0,0,0,0,0,0,0,0,0,0
0,0,0,0,0,0,0,0,0,0,0,0
0,0,0,0,0,0,0,0,0,0,0,0
0,0,0,0,0,0,0,0,0,0,0,0
0,0,0,0,0,0,0,0,0,0,0,0
0,0,0,0,0,0,0,0,0,0,0,0
0,0,0,0,0,0,0,0,0,0,0,0
0,0,0,0,0,0,0,0,0,0,0,0
0,0,0,0,0,0,0,0,0,0,0,0
0,0,0,0,0,0,0,0,0,0,0,0
0,0,0,0,0,0,0,0,0,0,0,0
0,0,0,0,0,0,0,0,0,0,0,0
0,0,0,0,0,0,0,0,0,0,0,0
0,0,0,0,0,0,0,0,0,0,0,0
0,0,0,0,0,0,0,0,0,0,0,0
0,0,0,0,0,0,0,0,0,0,0,0
0,0,0,0,0,0,0,0,0,0,0,0
0,0,0,0,0,0,0,0,0,0,0,0
0,0,0,0,0,0,0,0,0,0,0,0
0,0,0,0,0,0,0,0,0,0,0,0
0,0,0,0,0,0,0,0,0,0,0,0
0,0,0,0,0,0,0,0,0,0,0,0
0,0,0,0,0,0,0,0,0,0,0,0
0,0,0,0,0,0,0,0,0,0,0,0
0,0,0,0,0,0,0,0,0,0,0,0
0,0,0,0,0,0,0,0,0,0,0,0
0,0,0,0,0,0,0,0,0,0,0,0
0,0,0,0,0,0,0,0,0,0,0,0
0,0,0,0,0,0,0,0,0,0,0,0
